title,url,source,published,cluster_size,is_fmcg,is_deal,deal_type,relevance_confidence,relevance_reason,verdict,corroboration_reason,corroborating_sources,searches_used
Fresh Del Monte Completes Acquisition of Select Del Monte® Foods Assets - Business Wire,https://news.google.com/rss/articles/CBMixgFBVV95cUxOV0JYNEwwbEtFS2ZkTWlsREFzR3lNb3daamJ0eFRZa2htd3BPNjBxM1hvV3JaQmRVdVBsdXVfVkJFa1FrbmxaZG9yZFBFbnpLV0FCcnY2M29mWi1fVThDNTlJZ09pVXU0aFFqaGpET1lzRzkzUDdESlVBSURsMzNlZzUwQndUZHBBd0JwWGZCMGxibUdzQWpUOGlRV1ZfdmFCdEFmbVlKdVN5XzF3N18tRnFwaEJtU2VBTVZyQmFxQ2NldDVZSFE?oc=5,Business Wire,"Thu, 19 Mar 2026 07:00:00 GMT",5,,,,,,dropped_at_relevance,,,0
Unilever Grows Supplement Portfolio With Grüns Acquisition - Consumer Goods Technology,https://news.google.com/rss/articles/CBMihgFBVV95cUxON3ZFQXlkQzFudXNRa1Q1MFdmNGFUNjlhNGtKMl9JWms2VTkxS21tckhzWWJDSDlrOXR6bWpLWnBfRVhzVW81bWhHX1Fla3hHdEN6OUNYSGlXbTJuNlc3d0NJMFlDZzFkMnQ3Wlo0d2FGMENPT1h6bXFNaUZaUjRYYWtoNTNYdw?oc=5,Consumer Goods Technology,"Tue, 21 Apr 2026 07:00:00 GMT",3,True,True,acquisition,1.0,"The article discusses Unilever's acquisition of Grüns, which is related to FMCG as it involves a supplement portfolio, and it clearly reports a deal.",verified,Corroborated by 3 outlets at ingestion.,,0
FMCG brand Mitra merges with Tierra Agrotech - ET Retail,https://news.google.com/rss/articles/CBMi7AFBVV95cUxNTzhINC1lRlhxQnZUZ3dTY2UtUUlIWXZXWTJ5LWltQUNOa3Q4cFJQVllFREI2SUZQcnFxbjlLUm95NHlyVDlZZkFCcGNGOXJtWEs4dEpSRFJkWXE0bndUTno5Q2c5MTdWd0dadGh1bGtBZ0dsSDFQRV9JSkhJakVqZ043OHlzSy1qeWhfMkRSSGV4aFNSNTJWMVd0c1Z4ZlBQQi1CTGNsbjNfUGpMTXVtODhrQ0wwLTNfeFp5dUZGbi1TM1Awdmo1RE1uam9rM0VVTGZPTkZvYWxUc1FFaFVNN0ZYbFR3c25jS29DVA?oc=5,ET Retail,"Thu, 15 Jan 2026 08:00:00 GMT",3,True,True,merger,1.0,"The article discusses a merger involving Mitra, an FMCG brand, and Tierra Agrotech, confirming both FMCG status and deal status.",verified,Corroborated by 3 outlets at ingestion.,,0
"FORM and Trax Retail's Image Recognition Merge to Create An Industry Leader in Retail Execution, Insight and Performance Across Consumer Goods and Retail Brands - Yahoo Finance",https://news.google.com/rss/articles/CBMiiAFBVV95cUxNWG5rcEdaUUxVUTRJdk4xcTA0dGNwb2NDUzBqckpzbUxwalZORTYwWnJ0NkMzdldQeElUYkhkTzhoV21Fb0ItZnFvMFUtamlyMnh1NVByRkdfSTlYVUkzalU5X2pqc3FuTG5fbnNPLVZ4M1d6VzdUMS0xb1pRSklQeUtFQ00tRm9w?oc=5,Yahoo Finance,"Wed, 04 Feb 2026 08:00:00 GMT",2,True,True,merger,0.9,"The article discusses a merger between FORM and Trax Retail, both of which operate in the consumer goods sector.",verified,"The deal is reported by multiple reputable sources, including Yahoo Finance and Consumer Goods Technology, confirming its legitimacy.","FORM and Trax Retail's Image Recognition Merge to Create An Industry Leader in Retail Execution, Insight and Performance Across Consumer Goods and Retail Brands (https://finance.yahoo.com/news/form-trax-retails-image-recognition-170000233.html) | FORM and Trax Merge to Create a Global Leader in Retail Execution and Shelf Intelligence - Winning With Walmart (https://winningwithwalmart.com/form-and-trax-merge-to-create-a-global-leader-in-retail-execution-and-shelf-intelligence) | Gemspring Capital Combines FORM and Trax Retail's Image Recognition to Create Global Retail Execution Platform (https://finance.yahoo.com/news/gemspring-capital-combines-form-trax-135700131.html)",1
Unilever agrees £11.9bn merger of its food business with US spice maker McCormick - This is Money,https://news.google.com/rss/articles/CBMizgFBVV95cUxNamtsT1kxbk5qcUN0M08tOWVGcnhvQVJuTEtGb2swTkN1bnBVZTZGVVdnVmo2RWpSbFF5ZGk4WXJiSFFpZEFpZzFyVkdsVnNENnpDV2hjaGRZeHV6aWR5YkVjU3JlbGhrR2NETkdBR2dtT3dOTUZoQTB5cW9YVWdYR1pFSXJuQmJUcC1RaDd2QnZEM002R1RDVi1lR0FtUnNKcEhpSWJoOXl5Ry1ody1lSmFYU3RtaXFocWotUk1Jb2xPdDJpSUxFbnE5b1FTZw?oc=5,This is Money,"Tue, 31 Mar 2026 07:00:00 GMT",2,True,True,merger,1.0,"The article discusses a merger involving Unilever's food business, which is classified as FMCG, and it explicitly mentions a deal.",exhausted,"Low confidence after 2 searches: The deal is reported but lacks confirmation from multiple reputable sources, and there are discrepancies in the reported deal value, indicating it may not be finalized.",The Latest Breaking News from McCormick – inkl news (https://inkl.com/topics/mccormick) | The Latest Breaking News from Unilever – inkl news (https://inkl.com/topics/unilever) | Unilever agrees $60bn merger of food division with US spice maker (https://www.thetimes.com/business/companies-markets/article/unilever-nears-deal-merge-food-division-mccormick-cash-shares-322wrjg0z?gaa_at=eafs&gaa_n=AWEtsqeGAQk4e8HayoIzEIFv2JS4I6wLmWG-RJKuRYqyyz3eXLrNE73GoZ7C&gaa_ts=69cbe83e&gaa_sig=y781Srdqt11oB1tOOOyY7TudMSUdiXWm8bjiDgJUNsz3n_8kPXJA7GCnP2EIk3E-3Tn6sYstqvL9v2bGScAvUQ%3D%3D) | The Latest Breaking News from McCormick – inkl news (https://inkl.com/topics/mccormick) | The Latest Breaking News from Unilever – inkl news (https://inkl.com/topics/unilever) | Unilever agrees $60bn merger of food division with US spice maker (https://www.thetimes.com/business/companies-markets/article/unilever-nears-deal-merge-food-division-mccormick-cash-shares-322wrjg0z?gaa_at=eafs&gaa_n=AWEtsqeGAQk4e8HayoIzEIFv2JS4I6wLmWG-RJKuRYqyyz3eXLrNE73GoZ7C&gaa_ts=69cbe83e&gaa_sig=y781Srdqt11oB1tOOOyY7TudMSUdiXWm8bjiDgJUNsz3n_8kPXJA7GCnP2EIk3E-3Tn6sYstqvL9v2bGScAvUQ%3D%3D),2
Georgia-Pacific Completes Anchor Packaging Acquisition - Georgia-Pacific,https://news.google.com/rss/articles/CBMiigFBVV95cUxPelNoX3lBZFluZUN0N1J6MzNTUnd1XzNmck51VmNOcXBZM0RFbFdYRDlLdXBaX0Izd0tjRXFsOHBGcEQ3S3hCWWJseHZSeGQxS1VDUnMyaEgwdjc4UHY1Z05SejhVaER3Nm9JYTlCR1lqekZhS2xKMEZ2U3d3QnU0NG9BUTRMT1dGcWc?oc=5,Georgia-Pacific,"Wed, 22 Oct 2025 07:00:00 GMT",2,,,,,,dropped_at_relevance,,,0
Unilever and Kraft Heinz held talks over food merger uniting ketchup and mayo - Financial Times,https://news.google.com/rss/articles/CBMihAFBVV95cUxNM1A1MzA3eGpHS2t3QnV4VWJLc3p5MUtIaTM0RmFLNmFNUzE3UVdINGhUQnBKeXA4dmZqZ1hHbWMwUlpDOGVTalRZZ2ZrekVpV1FfMWNCalBXTlh6MDZBWjl0WGNpa2lOQmgyaFRHRUZ3azRjM3RpelVDX0dfZ0UxeWZyeFQ?oc=5,Financial Times,"Wed, 18 Mar 2026 07:00:00 GMT",2,True,True,merger,1.0,"The article discusses merger talks between Unilever and Kraft Heinz, both of which are FMCG companies, focusing on food products.",verified,"Multiple reputable sources, including the Financial Times and corroborating reports, confirm that Unilever and Kraft Heinz held talks regarding a potential food merger.","Unilever and Kraft Heinz held talks over food merger ... (https://x.com/FT/status/2034340549587550554) | Unilever and Kraft Heinz considered food merger, Financial Times reports | FoodBev Media (https://www.foodbev.com/news/unilever-and-kraft-heinz-considered-food-merger-ft-reports) | PRESS: Unilever and Kraft Heinz held talks on merger of food brands (https://global.morningstar.com/en-gb/news/alliance-news/1773904560869669400/press-unilever-and-kraft-heinz-held-talks-on-merger-of-food-brands)",1
McCormick acquires Unilever’s food business in US$45B deal - BNN Bloomberg,https://news.google.com/rss/articles/CBMiwwFBVV95cUxOdkRFS1B6eXdReGQ4YktSc053ZXM3aDZFdnI5R2JJUGdxai1YaWxqRXdrSk9Ha1lyMkEyeEM5QUdqdldvY2ExS1hiVk1tSHIweUx1Uk9haDRfcVZMVWR6bWtQR1JXZjJyd2VDOER6Z2Jva281c01pM09RRWdXU1ZITTlyek1HYWk4aFdMYWwtYXlnYnJsbmxyRjB5c2VndVdvWmhPbVdkcEs1YUtLSHBjMkMwTnpqSzZmUFNLY3g3RGZvSFk?oc=5,BNN Bloomberg,"Tue, 31 Mar 2026 07:00:00 GMT",2,True,True,acquisition,1.0,"The article discusses McCormick's acquisition of Unilever's food business, which falls under the FMCG category and is a reported transaction.",verified,"The deal has been reported by multiple reputable sources, including BNN Bloomberg and The Business Times, confirming its legitimacy.",McCormick acquires Unilever’s food business in US$45B deal (https://www.bnnbloomberg.ca/business/company-news/2026/03/31/spice-maker-mccormick-is-combining-with-unilevers-food-division),1
"FMCG acquisitions boost scale with up to 10x growth, but not all bets pay off - Storyboard18",https://news.google.com/rss/articles/CBMixAFBVV95cUxNSmx6OEQxRFR5ZFRRMEs1SWlwdEhLcGs4enA3R0hPcjZ4blNrWWJHVkxQTDBLbDVBTkZmUjI0ZHdaSzFpbTR3V0dhMHU5a2N3TEJXU0pmdUc0T2ZBd29kWlRXcGhOUzByVll2eXd6cG5RQXowTmxXejdSVnZaTzJ4SlRKeENpVGtmakNxQXQyTjFlZUtuelZPZVBIeVpCdk9iVGhqZlZjQ1hYVjhITmJycUdsZnJ1WWJ1d3JBRmZ6WE9mRFot0gHKAUFVX3lxTE0wQ2V1MkVwWnQ2T215V2drdC1UaTlfZm9MVjhsRUlOalpmcnphbjBaQnJ6aHJTak55SlVwTENvRTBYZ2x1dEg2M2Ywck5jZVh2ZWJJR2lKRHdUS3B1LTl6UEhKbjZPcUNacklJd2FoRFhfVnNyTm1ROW5pMVpRX05lZ1VFT0stdWtmN2pNU1B0QUZwZTJBZ1VCMXhNWk9VOGYyNmkzVngzOWpSdWM3TDhKWDVzNTJ6ei1ibGI1SG1ReWJUWll0UzNWYmc?oc=5,Storyboard18,"Thu, 26 Mar 2026 07:00:00 GMT",1,True,True,acquisition,0.9,"The article discusses FMCG acquisitions, indicating it is related to fast-moving consumer goods and involves transactions.",exhausted,Low confidence after 2 searches: The deal is discussed in terms of trends and analysis rather than confirming a specific announced transaction.,"FMCG giants buy D2C brands for growth, talent, and trust (https://www.linkedin.com/posts/vimarsh-razdan_70-of-fmcg-acquisitions-in-the-last-5-years-activity-7443160073490845696-to9h) | FMCG acquisitions boost scale with up to 10x growth, but ... (https://www.storyboard18.com/brand-marketing/india-fmcg-deals-show-rising-digital-growth-but-weak-profitability-ws-l-93246.htm) | FMCG M&A scales up to 10x, but risks remain | Mira Kulkarni: Beauty’s biggest lie is speed - Storyboard18 (https://www.storyboard18.com/special-coverage/fmcg-ma-scales-up-to-10x-but-risks-remain-mira-kulkarni-beautys-biggest-lie-is-speed-93378.htm) | FMCG giants buy D2C brands for growth, talent, and trust (https://www.linkedin.com/posts/vimarsh-razdan_70-of-fmcg-acquisitions-in-the-last-5-years-activity-7443160073490845696-to9h) | FMCG acquisitions boost scale with up to 10x growth, but ... (https://www.storyboard18.com/brand-marketing/india-fmcg-deals-show-rising-digital-growth-but-weak-profitability-ws-l-93246.htm) | FMCG M&A scales up to 10x, but risks remain | Mira Kulkarni: Beauty’s biggest lie is speed - Storyboard18 (https://www.storyboard18.com/special-coverage/fmcg-ma-scales-up-to-10x-but-risks-remain-mira-kulkarni-beautys-biggest-lie-is-speed-93378.htm)",2
VCs hit jackpot as FMCG giants go on D2C acquisition spree - The Economic Times,https://news.google.com/rss/articles/CBMixwFBVV95cUxNZUxzbzVkRzZkUUI1UHBXRmFtVGxnWFIxM3c4emdtTnR6VmlqYTFjS0VWWHpqVjZGMU5zQS1jcGFHRDgwakg4SUs0aF9ua056QzdsQ093Q3dyVDBoUDJYaDFMZEU0djdGV2FhMk94Mjc0NXdLMzc2Q1pZdFlodTE5OVpxaDk3Wl8yX0ZwNHh0THJXc21EWWFyRUNzbWpXV29mckk0dVltU3hrQ2llRWk3a3VXalNEVl91SVVlR0xvSXpZWU1fRDlZ0gHMAUFVX3lxTE1vbURoWmx0NnVoZnFuajB0TmI5cHVKa0d1eDZReWVPSkp0Z19hT2lnb2lHTUZ4WHFsREt2TTh3ckgyWHQxYjNzQU1EODdfSTB2R0pwVnlCR1lJSHNZb2RxdGk0YTF0RlM4TmtnekdpTGM3U3QwMnVZbWFfdl8tWVRFMDJDS2FiYWNRRy1aT2JpN0MyZm9VWTByTGx6R0U5MERhdmJhNjNXN2lXbWVzTC1COHVzaU13S25CVldHQTJWdndaMFptVnF2QVl4YQ?oc=5,The Economic Times,"Wed, 25 Feb 2026 08:00:00 GMT",1,True,True,acquisition,0.9,"The article discusses FMCG giants engaging in direct-to-consumer (D2C) acquisitions, indicating both FMCG relevance and a deal involving acquisitions.",verified,"The deal is reported by a reputable source, The Economic Times, and corroborated by multiple articles discussing FMCG giants acquiring D2C players, indicating it is a real and announced transaction.","VCs hit jackpot as FMCG giants go on D2C acquisition spree (https://m.economictimes.com/tech/technology/vcs-hit-jackpot-as-fmcg-giants-go-on-d2c-acquisition-spree/amp_articleshow/128761488.cms) | FMCG majors turn to D2C for growth, but profitability remains distant (https://m.economictimes.com/tech/startups/d2c-startups-in-big-fmcg-bag-but-still-shy-of-gains/amp_articleshow/124311033.cms) | FMCG giants acquire D2C players to broaden premium offerings, use ... (https://manufacturing.economictimes.indiatimes.com/amp/news/fmcg/fmcg-giants-acquire-d2c-players-to-broaden-premium-offerings-use-digital-data-report/124121305)",1
Why FMCG giants buy D2C brands - BusinessLine,https://news.google.com/rss/articles/CBMisAFBVV95cUxOMTJya185bldmaVNQWkNldVdVdlVqd1hoYjZIdUlyaS1nR055dU5TRVY0TTVqRGZ3VU0wUVBhTXRWZDRIam1jTjVDOGV2bVZRLTR1cnMzMzl0M2NzWnd2TU5XR3ZEV1Nabi1SZ1BBSHljeTBzWlhMLVFBT0FuV1ZKOTQwanNoR1AtY2lGSTc2Z19XRDVreEx0VmxBNXFuQ2d6UFJNODVoZEE0a2JVWjUxd9IBtwFBVV95cUxOYWZ3LUR6ZVRnQ3ZKNGdLVDR5Y0I2ZVZLVTZDVU92Znp6aFNMeTZaaDZfWElhZXpEOE9tYlo1SEhTNFpIbzFVelBjOEdEa2xCbmpCXzlHV1JOUlVtTHRTRDA3cmFrNWxvQi1INmMxVHY3RmpreTdMSTJTRHpyOXVSWkVHTGR1dzBwMXZvc1hKbzZjeUdEcUM2bG9NMEZvVkpCLUluRGtyMDJjR2wtQXBMTUtWbUk5Yzg?oc=5,BusinessLine,"Mon, 22 Jun 2026 07:00:00 GMT",1,,,,,,dropped_at_relevance,,,0
Competition Council authorises Pavăl Holding’s acquisition of Carrefour Romania - Business Review,https://news.google.com/rss/articles/CBMixwFBVV95cUxOVElNY1hCSklQc3pCZThuWUZFR1lPdVRiZDJJWDZaQjZCM01FQ0tiM0FybndZUGZfUmJITEVaTG1qdDZ2ZC05UkZkVzYwS0dEXzdUUjY5VWtOMkFnU0RXTXdQMzZIdl84UTlXR0Z5OFI3ZG1yTEhWeHVyTUxiUHMxbUtmbXZCQU0tZ1c1NkhRN1JPYnNsYVoxSXBDS19HcFA4aC1XSDVQTTZJZkdJUmFudEdfanRobHhULVRmSnF5MFBHaWJQRmU0?oc=5,Business Review,"Tue, 23 Jun 2026 09:27:24 GMT",1,True,True,acquisition,1.0,"The article discusses Pavăl Holding's acquisition of Carrefour Romania, which is an FMCG company, confirming both FMCG and deal statuses.",verified,"The deal is confirmed by multiple reputable sources, including the Competition Council and various news outlets.",Competition Council authorises Pavăl Holding’s acquisition of Carrefour Romania - Business Review (https://business-review.eu/business/retail/competition-council-authorises-paval-holdings-acquisition-of-carrefour-romania-297625) | Romanian regulator clears Carrefour sale to Pavăl Holding (https://www.businessforum.ro/economy/20260623/romanian-regulator-clears-carrefour-sale-to-paval-holding-3330) | Competition Council greenlights sale of Carrefour's ... (https://www.romania-insider.com/competition-council-ok-carrefour-paval-jun-2026),1
Danone expands in Australia with Made Group acquisition - Inside FMCG,https://news.google.com/rss/articles/CBMimAFBVV95cUxNbmJUTmJ1cnNXeXEtWHUzaGk3ZGhVTVF3M2IzX1RzYmhZMmU4NFljOW9OMW14TGpHc0hzeVRCc3k4Rnd0WGdJbzNNZHdtQzVHclo0WW1vTEZPUE9fZUgzRWhtcXMyLWFKVUJqS2I0Tk5vckppN2U2ZXdaSDFOci1CSXlndWlKMXRpT2plcTNOQm5ud3E3NmNSLQ?oc=5,Inside FMCG,"Mon, 22 Jun 2026 07:00:00 GMT",1,True,True,acquisition,1.0,"The article discusses Danone, a company in the FMCG sector, acquiring Made Group, which qualifies as a deal.",verified,"The deal is reported by multiple credible sources, including Inside FMCG and Yahoo Finance, confirming that Danone has indeed acquired Made Group.",Instagram (https://www.instagram.com/p/DZ7Lidjjbv8) | Danone expands APAC dairy and functional beverage presence with twin acquisitions (https://www.foodingredientsfirst.com/news/danone-apac-double-acquisition-deal.html) | Danone Acquires Made Group in About A$2 Billion Asia Expansion Deal (https://finance.yahoo.com/markets/stocks/articles/danone-acquires-made-group-2-123829185.html),1
Exceedra is now part of TELUS Consumer Goods - TELUS,https://news.google.com/rss/articles/CBMiY0FVX3lxTE1EaWNoaXRZQm9KOTQ0Z29kVzNUay1NZzBxa2w3ZTB2anRkNW41UXJ6elB3emtpYV9IVG9oZnJDb2pZb1BkWnFzSmk3cTNhcUdlUmhuVS11ZzlCT3gwd3NfX0VHUQ?oc=5,TELUS,"Fri, 29 May 2026 07:00:00 GMT",1,,,,,,dropped_at_relevance,,,0
RPC enters AU market through Goodness Group acquisition - Retail Asia,https://news.google.com/rss/articles/CBMiiwFBVV95cUxNQUJROXI0bkJNMlctSTgyWGZpQkNjc0Z1SnhwcXkxeVp4R1ZHT1JsS1FxNGFtUkYzRjF6T2xEbzVqd1M3U3dFSmVENUhrM2hNTTZuQWk4elhOU1hqNFVXVzdOdEVhekkwNHFYbGhGOGR4elZIem5HcDBWMUpyQl9MSDlaaDJXZUZacVpR?oc=5,Retail Asia,"Fri, 27 Feb 2026 08:00:00 GMT",1,,,,,,dropped_at_relevance,,,0
Hindustan Foods acquires Ultra Beauty Care's manufacturing unit in Aurangabad - ET Manufacturing,https://news.google.com/rss/articles/CBMi9wFBVV95cUxNU0N2OVE4MWxWbTVialRUb1kwaWZ5dloyMjk1QnN0eWxoNWVnUUdIbWhWUHljVHpwMF80aXU3aFdlOGRFai1NRk5PaTRadXRmVEdzc0tZdWp3MFZocV9sS2U2NG1fNEJ4QWFvTThIajRQRWRIa0ZzeGdZa0ZfSVZYbXJ3MGF0Rnd1ZmRjdDAxWE1zTEN5NzNGSVhCRzVCUXNhazV6NUVjbW4yU2E3S3J4UDJJNk9PZnRBVHBOZFJXUTM3LVN2eVFHSzVvZUdUV1NlRjdpNE1iZTlvczc2NW5kWk1IMVh0My01dm1Da0Z0Qm90TVRlVzlB0gH8AUFVX3lxTE00a0ZiSy13QmFUSE02RTAwVzBmVV9pdi1ILVV5Mk1QVVJ1NmdlZzNCVUZoUHVyMlR0RE9GUTdQS0NkRzlJblJsM1prbHVpazN4N0NITklsc2VtRUdVUUlBand0SkVKQ1BfdGZCekR1VUdQY2txa082MXF2TlJyaFdzQ3pTeVJsQUU1NHVueFN4MUJWbTlaU3RGdVpqOHFZaVlfLVhJYVhsY1NyczFDVTFhd2ZLbDRpalBQS09ZUVFEU2JtaEZmNjRTczBkU0h2OUE1TFIwa3JXX2dsakZnbG50YlJGTVN3clVkU0VYb0RNOEotZE8xNXo2azlrdg?oc=5,ET Manufacturing,"Mon, 23 Mar 2026 07:00:00 GMT",1,,,,,,dropped_at_relevance,,,0
Why India's FMCG Majors Are Buying Their Way Into Nutraceuticals - thecore.in,https://news.google.com/rss/articles/CBMimgFBVV95cUxOMWVFcGRjVUlMTS1Rb2R3N2lnR0Vzb3VXUGVLWUh2emotVHNPV1BBSGxZcUdSV3hmb29SLUxWdXR1QmpTcVZiaEpXWWVST2JRdExPODdnLXkySEUwSGVVei00VlI2bURPX2FnQzBvaVRDckxLekxXclQ1bzhZbTVqdi1YZmw3YjJ5bVYzZkQ1ZVg3bDY4TmZkeDh3?oc=5,thecore.in,"Thu, 09 Jul 2026 00:30:08 GMT",1,,,,,,dropped_at_relevance,,,0
"Commission backs Premier-RFG merger, protects jobs, boosts suppliers - Business Day",https://news.google.com/rss/articles/CBMiugFBVV95cUxNaFY1SjJhTllxWTJMNjNEMmVvWDRpNEFpNmFPRUUwUkJja21fUUdiZDhIQllzY1Ftc0NrNk5aNDlySElWYzNCdnozOWpKMXljeGh0UkMya3JzSlFhV3BpX2p5Zk1qY2JuNHhPcGg1QW9MdjExM2VRT0VpUlhwTFdUd1c4ajJKQkFDZ1lEeDB5OEo4RkkxY1c2WkozSmlEbTNuOFM1WUgwdlhjWDhkX0dtUUI2YTlMb0FWUGc?oc=5,Business Day,"Thu, 29 Jan 2026 08:00:00 GMT",1,,,,,,dropped_at_relevance,,,0
"FMCG M&A shows mixed results: HUL's Minimalist, Emami's Man’s Company drag; Marico's Plix shines - Storyboard18",https://news.google.com/rss/articles/CBMivgFBVV95cUxNTGZzSUlaZzRjWVUzczRwQW02Wm11Y19KZHFGU0IzeHBUY1lIUHByZGFuODFzSWRUSFZaRVcxdmVJeVdYQndBTVUyNDFGTDE4Y3pYZExzREludzBPUkNIdDl3NG1WNk9LUUpuN2h0RHRIRHhES3BvM2NPRWRjY2UzWm90UWMzVkk4QUltTzhkMGtRYjhKUG1jb0hNU1g1eTMwUlptRWZWR3pVOWlCcEx6TjJkVjB5YUJ0OHV5eXFR0gHDAUFVX3lxTE5XZUpxTmwxRUZHNnd0b1FMY2xUWkhhTEY2MVMxYnA0RHBuTkxvWkMxUHZYT3ZLd1hYenkwd05fSUVjd1RqaHhEVnlnbC1fbUV4TEplb3QyanVpbHVvT3VlQWFObU52dGdlTTBCSjZIRGl4T2lBVm9WeS1PcVpaZl9uTEpjSFNCSENCbDFHaGticml3RkJmc1ZGYkVKMkN0YjMwajUxX3Q4c3ZJVndJQm1WSk1kOTFMM0VjbkIyY00ybTFkSQ?oc=5,Storyboard18,"Thu, 26 Mar 2026 07:00:00 GMT",1,,,,,,dropped_at_relevance,,,0
"FMCG firms turn selective in D2C acquisitions as profitability, data drive deal strategy - BusinessLine",https://news.google.com/rss/articles/CBMi5wFBVV95cUxQWTk4cDQzSzJULVRLMjg5R1ZYQkxzNEFuUzBYRmZBU1VLak5uTDE0c2hENnE4dml4MDB4ejJWTFRiNVBjOG1zZDMxZ2NIVlBWWEVfaVRCengwcEFVb0IwUGJISlV1dU5xcmJ3S3NOdGRsZDM2aGQ2bmMtMUUtRnhXelZMOGV4d3VRRVhaemsxTkJEM0cyTl9ZOFFuclFQbmNLRFVPODBmb0FYVDYtazd2TmdKVWE4d0VjZXVMU1RsRDNnNVdjMXFuRi1hMXNwZkdPSVpmUkxtUzdEcVNSemtKaE54d0Y0SDTSAe4BQVVfeXFMTzhSc1ZpaktFbUtqQzRtbjQ1QkZjTVpINjNCaTZzTmhBNG11UWNwV1d4bzhLUWdiX2lJT25MTExzN0dET21UQW1fbC1Pd09jdW1neHZHU1B3VEdScE1iTG9kZW5YVTFFMjM5RGY0VlBnTFRWNk85NjltVXozVnJORE40S1FiZ2xxMDhaOWRNbWNSWk5DS2pwRDEycFNMVVFvbzRZNldhRHl0U0Y3VGdsLUFZTzJ2NmxqWkV0bDkzSXViTUk0a0wxQ2piVldlUEFtdnEtZEpaTjA3TEFIalNLdUZ3RWNzWl9hS1VuWkNFdw?oc=5,BusinessLine,"Thu, 08 Jan 2026 08:00:00 GMT",1,True,True,stake,0.9,"The article discusses FMCG firms' strategies regarding D2C acquisitions, indicating a focus on ownership changes in the FMCG sector.",exhausted,Low confidence after 2 searches: The information discusses trends in FMCG acquisitions rather than confirming a specific announced deal.,India's D2C Acquisition Wave Focuses on Beauty and ... (https://www.linkedin.com/posts/aishwarya-kumar-97a6661a4_fmcg-firms-turn-selective-in-d2c-acquisitions-activity-7473647438814257154-F-QF) | FMCG firms turn selective in D2C acquisitions as ... (https://rukamcapital.com/newsrooms/fmcg-firms-turn-selective-in-d2c-acquisitions-as-profitability-data-drive-deal-strategy) | Two-third of acquisitions by FMCG firms in last five fiscals ... (https://www.ibef.org/news/two-third-of-acquisitions-by-fmcg-firms-in-last-five-fiscals-in-direct-to-consumer-d2c-space-crisil-ratings) | India's D2C Acquisition Wave Focuses on Beauty and ... (https://www.linkedin.com/posts/aishwarya-kumar-97a6661a4_fmcg-firms-turn-selective-in-d2c-acquisitions-activity-7473647438814257154-F-QF) | FMCG firms turn selective in D2C acquisitions as ... (https://rukamcapital.com/newsrooms/fmcg-firms-turn-selective-in-d2c-acquisitions-as-profitability-data-drive-deal-strategy) | Two-third of acquisitions by FMCG firms in last five fiscals ... (https://www.ibef.org/news/two-third-of-acquisitions-by-fmcg-firms-in-last-five-fiscals-in-direct-to-consumer-d2c-space-crisil-ratings),2
Consumer packaged goods: Reigniting growth via portfolio realignment - McKinsey & Company,https://news.google.com/rss/articles/CBMixAFBVV95cUxNc2poTFV6dThFYjFfNXhkenJNbXBDcWx2MDRMeUQwcWptdVByWXNxTTlPYUNuWV9LQzQ4Q1dkUEZLYXB0OUxrOWFWMUFOeU5IbEIxZlVfY3hLVU9veTZXelJhY1pYdlNCWUdyaUZyV1Z5dTNrYlY0UVRrQzFhRVYycS1GajNsQmw1Nl9zTThOdUlHb1FZc1M5WktFRkJvdHNRRmRkTHByQjY2X1Rtc3JCUjUtZG90VFNLc1JqSFFNaWpuT3Vf?oc=5,McKinsey & Company,"Fri, 13 Feb 2026 08:00:00 GMT",1,,,,,,dropped_at_relevance,,,0
Brown Forman confirms merger talks with Pernod Ricard - Inside FMCG,https://news.google.com/rss/articles/CBMilgFBVV95cUxNalJpeUlENUFjdVZwanAxNG41cmRHQXdlT05yaHpGbTZzOG5ySTFTRzBRS2ItR254dHoyX0pJU1J0dGVZamJZNFRoeldNZk1EVnQxVUZkY2xlYlhabXUxdGpiT3kxWDFrYzF0UE5KeVdpTVNPSUhjRFdmNkV3anEwSk5sSzVxbzdYb3ZnOU9faU9pdkw5NGc?oc=5,Inside FMCG,"Fri, 27 Mar 2026 07:00:00 GMT",1,True,True,merger,1.0,"The article discusses merger talks between Brown Forman and Pernod Ricard, both of which are companies in the FMCG sector.",verified,"Multiple credible sources, including Brown Forman's official statement, confirm that merger talks with Pernod Ricard are ongoing.","Pernod Ricard Brown-Forman Merger Talks Confirmed | InsiderFinance (https://www.insiderfinance.io/news/pernod-ricard-brown-forman-merger-talks-confirmed) | Brown-Forman Confirms Discussions with Pernod Ricard (March 26, 2026) | Brown Forman (https://www.brown-forman.com/article/brown-forman-confirms-discussions-pernod-ricard-march-26-2026) | Louisville's Brown-Forman in merger talks with Pernod ... (https://www.kentucky.com/lexgoeat/bourbon/article315198653.html)",1
Unilever strikes £34b food division merger deal with McCormick - The Caterer,https://news.google.com/rss/articles/CBMirAFBVV95cUxNMkhfWWx2Y3NpZW82Mml6NzFZX0ZXbUlFcElqSkRVNnVRd3hLUkdPZEFqaDJyWGpyekFFdGoxUWJNcGM0amdzbjdiMUoydWdRRkVObl9wYUFxMF8yNkFxMzUxeWRoZk5ieGlKY2oxVWxselhaREd3U2x2b24xbDdETUVEMDdvQUZCN2ZUTW5mdTFtTzQ3bUx5OUpfTEhCeVQwMVBYLXlYVDhicXFN?oc=5,The Caterer,"Tue, 31 Mar 2026 07:00:00 GMT",1,True,True,merger,1.0,"The article discusses a merger deal between Unilever and McCormick, both of which are FMCG companies.",verified,"The deal has been reported by multiple credible sources, including The Caterer and Yahoo Finance, confirming its legitimacy.",The Caterer's Post (https://www.linkedin.com/posts/thecaterer_unilever-strikes-34b-food-division-merger-activity-7444782383008100352-ZdWj) | Unilever strikes £33.8 billion food business tie-up deal with US rival McCormick (https://uk.finance.yahoo.com/news/unilever-strikes-33-8-billion-131916917.html) | Unilever strikes £34b food division merger deal with ... (https://www.thecaterer.com/products--equipment/unilever-strikes-34b-food-division-merger-deal-with-mccormick),1
"FMCG Startup Mitra To Merge With BSE-Listed Tierra Agrotech, Eyes IPO This Year - Inc42",https://news.google.com/rss/articles/CBMipAFBVV95cUxNMmVnWFVaUm9DN0dNR3hQSzI2RmVCOUh1dDg2WjRCYkdRTmYyRzNlZ2JkOE84V0I2b0dzNXVzYmExdXRPWnBYN1o5NWF3MHdfTDRMNnIxUHZqUXZMQk9oX0l6RzUtODR6ZlJYc2UyZ0YtQl9VWS14WnFjNloycUNkbmpSV3BhTU5yMWo2eDhNeWQ2T1NwLWdRQU1kcUJrRml5dWxJVg?oc=5,Inc42,"Wed, 14 Jan 2026 08:00:00 GMT",1,True,True,merger,1.0,"The article discusses a merger between two FMCG companies, Mitra and Tierra Agrotech.",verified,"Multiple credible sources, including Inc42 and Media News 4U, report on the merger between Mitra and Tierra Agrotech, indicating that this is a real and announced deal.",Mitra to merge with BSE-listed Tierra Agrotech in ₹787 crore deal; listing planned by end of CY2026 (https://www.medianews4u.com/mitra-to-merge-with-bse-listed-tierra-agrotech-in-%E2%82%B9787-crore-deal-listing-planned-by-end-of-cy2026) | FMCG brand Mitra merges with Tierra Agrotech in ₹787 crore ... (https://gubbagroup.com/genome-editing-how-indias-scientists-are-opening-a-new-chapter-in-crop-improvement) | FMCG Startup Mitra To Merge With BSE-Listed Tierra ... (https://inc42.com/buzz/fmcg-startup-mitra-to-merge-with-bse-listed-tierra-agrotech-eyes-ipo-this-year),1
Modi Naturals plans up to ₹100 crore FMCG acquisitions after NSE listing - Business Standard,https://news.google.com/rss/articles/CBMiuAFBVV95cUxPeGNKVEt2LTFoa1lYUm9XbXc1VGs3NGFPNXhJcUluSDhZVDZGSG9VdUlLVXpUZGpWdEp5Z0YxYWQ5aFpqNFgyNG5HaGpSdnhiajlXeG1ENGVyTVBvY1ZHb0JiREw4ZFhpcDQzY0JZVkNDenJRN2NwTEpEcGZ0N282RGszU0xxM3NlSjdYTnFCUzBHUXd1ZDRnRFdMZGYwZ1pHSzhWcS1DUzcxNTBDMXdxcXJwSlJ0c0dr0gG-AUFVX3lxTFBZTHFsRTVyUmpFTXVZTGlBSzN6YUY4a0NjWmIzcVM3QkVfc0RRT19TNkF6VWNlM00xTDZYQWZkNEU2RFVod3REM2FHNGlWMkZNd2JnbEFWTGh5dG9tU0J6cUgybHZuWFBPVnVyTmZ6WUlJZldDRTdHdklhYnFpTlNyMnM0d1lncnRDUnZRaVdxWGtHakVoSWVWTVBHQzJnVzNWRVZ3VVI3OFpUSWxrc1pqby1DSmQ4ZVRWcFdXNEE?oc=5,Business Standard,"Thu, 11 Dec 2025 08:00:00 GMT",1,True,True,acquisition,1.0,"The article discusses Modi Naturals planning acquisitions in the FMCG sector, which qualifies as both FMCG-related and a deal.",verified,"The deal is reported by a reputable source, Business Standard, and corroborated by additional articles, indicating it is a real and announced transaction.",Page 2 - FMCG (https://www.business-standard.com/topic/fmcg/page-2) | Modi Naturals plans up to ₹100 crore FMCG acquisitions ... (https://mnacritique.mergersindia.com/news/modi-naturals-plans-up-to-%E2%82%B9100-crore-fmcg-acquisitions-after-nse-listing) | Modi Naturals plans up to ₹100 crore FMCG acquisitions ... (https://www.business-standard.com/companies/news/modi-naturals-fmcg-acquisition-plans-nse-listing-125121101209_1.html),1
Established FMCG firms accelerate acquisition of D2C brands with distinct business models: Crisil Ratings - ANI News,https://news.google.com/rss/articles/CBMi6wFBVV95cUxOWlhBY2xlaTY4NEMxb3Y1YlA3d3ZkcXAwY2RZLTZReTZISUFUWVpXOUNURlN6bF9lblNkd2FkUnBBQU5sWGVXTUxsUmQ0aHNCRXhlZFI3QWIzblU5VjQ5R2Z4VGs1U3N1OFp4bS1DbGZxZWZNYzRRNGpfX0NJeTF3UkJMX3E0V2tLZnJlMEdrdzQ3eDdQb0VXbWUwU0RKSnZQa1VGWWc5a0I2S19JOGNNLWM0cDFOdVRmbE9fNXpTVXZJVVBLY0dpaHY0clRoYjRhOVJ6blFFM3VwYXY1dERXYThlaTNNWlp3bkFr?oc=5,ANI News,"Thu, 25 Sep 2025 07:00:00 GMT",1,True,True,acquisition,0.9,"The article discusses established FMCG firms acquiring D2C brands, indicating both FMCG relevance and a deal involving acquisitions.",exhausted,Low confidence after 2 searches: The deal lacks sufficient corroborating sources and is primarily reported by a single outlet without additional verification from other reputable news sources.,ESTABLISHED Definition & Meaning (https://www.merriam-webster.com/dictionary/established) | Webster's Dictionary 1828 - Established (https://webstersdictionary1828.com/Home?word=established) | Established in/since. : r/grammar (https://www.reddit.com/r/grammar/comments/g83bjk/established_insince) | ESTABLISHED Definition & Meaning (https://www.merriam-webster.com/dictionary/established) | Webster's Dictionary 1828 - Established (https://webstersdictionary1828.com/Home?word=established) | Established in/since. : r/grammar (https://www.reddit.com/r/grammar/comments/g83bjk/established_insince),2
Reliance scaling it's FMCG business one acquisition at a time; snaps up Udhaiyams - theweek.in,https://news.google.com/rss/articles/CBMizgFBVV95cUxPeTRQbUZPMGhKUno5WWwxYk1TbHA0aEpkUWx3Wl9qM3F6YXR2MTFqTWs0STIyR2VWdGFhMUdBVl9ucThPb00xa3JNWmc0NUx2VllRUjRJOUJ0TEcxeUJ2RWxPZndFM3IxZ1B2UnZWcjhFdHR5RVBqaHUtOHdEaWtVM3c1aHRXWnp3V3VfdDkybFpwd0pLNXI1V29Ha3hYcHMzODdWSS1xZ3lSZWU4MXRjcWs2NXhDNEo3QjcyVDhaOTFnbmtmbkt5aXZGYUZjQdIB0wFBVV95cUxQNE53c29maE51VF9JZlRaN0RqRUFsUml6RUlsdjV2bXFBUnFSUnBWVnNDX2NZNHBWVVhBMmRDVUEzaW40NjdqVG5iT3ZINmQ0Tl9SejlFc2ZqWWVmUFd2VG5lQXZfMHR0YkJfQWZ4bjBRd1RzNTdsSTFpdkJKdGVUemFZQVNQUE5WNUV3cU9mYUJrN3ZxbllELWhsbThDTXVJT1dERDcxdV80bDFGU09vNkpkSGNiODBwRjZTakRUYUprUU02RjlrVnZqX1BiSkY0U01N?oc=5,theweek.in,"Thu, 18 Dec 2025 08:00:00 GMT",1,True,True,acquisition,1.0,"The article discusses Reliance acquiring Udhaiyams, which is a transaction related to the FMCG sector.",verified,"Multiple reputable sources have reported on Reliance Consumer acquiring a majority stake in Udhaiyams, confirming the deal's authenticity.",Reliance scaling it's FMCG business one acquisition at a time; snaps up ... (https://www.theweek.in/news/biz-tech/2025/12/18/reliance-scaling-it-s-fmcg-business-one-acquisition-at-a-time-snaps-up-udhaiyams.amp.html) | Reliance Consumer acquires majority stake in Udhaiyams Agro Foods (https://mnacritique.mergersindia.com/news/reliance-consumer-acquires-majority-stake-in-udhaiyams-agro-foods) | Reliance Consumer Products acquires majority stake in Tamil ... (https://m.economictimes.com/industry/cons-products/fmcg/reliance-consumer-products-acquires-majority-stake-in-tamil-nadus-udhaiyams/amp_articleshow/126057088.cms),1
Mars-Kellanova merger clears final hurdle - Inside FMCG,https://news.google.com/rss/articles/CBMihgFBVV95cUxOTldteTNldVlVRklzUk1jZkVUQm1OUWtJQWd4UzMxaUhTdnVmR0FrVkRGX1o4UHFuRHRQbTNiTUVtM1N6Xzl4N0dNUTJkX0dFdi1MLUJQbzZobWUxYmtndUVNcWgtMHZ4c0R5cmd2LVJ5NEE5YXJVU0UwYndhWElKY0U4UkQ3QQ?oc=5,Inside FMCG,"Tue, 09 Dec 2025 08:00:00 GMT",1,True,True,merger,1.0,"The article discusses the merger between Mars and Kellanova, which involves FMCG companies.",verified,"The deal is reported by multiple sources, including Inside FMCG and Trading Calendar, confirming it is a real and announced transaction.",Mars-Kellanova merger clears final hurdle (https://insidefmcg.com.au/2025/12/09/mars-kellanova-merger-clears-final-hurdle) | Mars-Kellanova merger clears final hurdle | Inside FMCG (https://www.linkedin.com/posts/insidefmcg_mars-kellanova-merger-clears-final-hurdle-activity-7404369307880894464-NMiA) | Mars Receives Final Regulatory Approval for Kellanova Acquisition (https://www.tradingcalendar.com/post/kellanova-acquisition),1
M&A in Consumer Products: Searching for the Parenting Advantage - Bain & Company,https://news.google.com/rss/articles/CBMid0FVX3lxTE9XSGR1V25SNEJ3bTU0MVZtMVNaRjJpdGVPMEl5NTJQR1VDVThsNGJrTjY5UGdUanMwdk1ObzlZeS1YdFlfYWVrUGdmbDB1UWFtcHpqMGQtNzgtcE1ldFBUY2YyeGMzaExnekVyTklPZ1Z4T1REc000?oc=5,Bain & Company,"Tue, 27 Jan 2026 08:00:00 GMT",1,,,,,,dropped_at_relevance,,,0
Kimberly-Clark Corporation - Encyclopedia Britannica,https://news.google.com/rss/articles/CBMia0FVX3lxTFBVc0hKcXpnMU5LR3Bob2xCMER6cURodlVHR3lKd1FNN1lDQlFCYXJQcnBGU1JEdE54XzlWTTU1VEwxNWh0ZmtleHA1VzNKWUhPMzQzTDl0aFRBYllXRGtXQTNyZnpneDdrbEpV?oc=5,Encyclopedia Britannica,"Sun, 12 Jul 2026 07:00:00 GMT",1,,,,,,dropped_at_relevance,,,0
Big-ticket consumer deals over past few decades - Reuters,https://news.google.com/rss/articles/CBMioAFBVV95cUxQOWlYMWpwb0JDTllCSENoT1R5a0c1X3hOR3BvX2tKN3JPRjlsazllekU4dUY4bGo3SkxPMUVoR0hkNC1OV21lWEctS1NRWkY4Z01ZcHVXYlhlSUJwbTJBdlpxQjE1REtBSnRmU3duYTBrejZfVTJWQy1qLXBrSGY4X3dia2RBTUljMUhmWmJjUWVLMzdRQmN4ZmlOcG1yTnRv?oc=5,Reuters,"Tue, 31 Mar 2026 07:00:00 GMT",1,,,,,,dropped_at_relevance,,,0
Beauty Platform Acquisitions - Trend Hunter,https://news.google.com/rss/articles/CBMiZkFVX3lxTE1lc0FNMFRCNWdqN3NsZFNSQlBiTnJtNVJ5djJmRGo0akFSQnJjOE01Xzgxb19nX2wxZHRodlFaM29KVWdIZzBlSU1SdGNkUXZNWDdBeFF2dnFlR2o0TGlCYnRKbDBLQdIBa0FVX3lxTFBYVDVmYmtpbV9OdnloYWRNcGhNb0JERVJsTEZzT1JlVHlCbEN4NzE1azUyaUp0TW5fYzROQjQ4Yk9meUJDOHF6VFA4LThCOFFySGRBS29LWmIzN1FHZ1k2cWNoeWw1X2lfS3A0?oc=5,Trend Hunter,"Sat, 11 Jul 2026 07:00:00 GMT",1,,,,,,dropped_at_relevance,,,0
Life Water broadens consumer portfolio through targeted acquisition of 90% stake in Hung Tai Group - Focus Malaysia,https://news.google.com/rss/articles/CBMiwAFBVV95cUxNZGVxdG1ZaGlzVHZQQjR5bExaQ3NuWUUzTUEzTW8tcGxoOWhiYW8xTHE1LUFneGdLemFUSjRBcnljSHMyZi1FWlN5Tm9aYkhhSG9aZDlsbU1CN0dlY3lpYUpoeWZvYldHLVpnVlB1MEExQ1lHdHI5WXZJa015al9sZHZ1SEZpSjBIOU1TMUQyaWRleGI0ZVNuYk45UDZXVW1LbF9VQUlyRlhJMkxCZHpUNmc2RW9iS1pJNnFmR0tUS28?oc=5,Focus Malaysia,"Wed, 15 Jul 2026 13:36:46 GMT",1,,,,,,dropped_at_relevance,,,0
Harvest Group: Acquisition Of Cartograph Expands Digital Commerce Capabilities - Pulse 2.0,https://news.google.com/rss/articles/CBMingFBVV95cUxNTEx2UHZodGo2Sjd5MmlOdDZlX0RDTVJUeE5XZ0R4NE9qbUxvR244UEV5UGVoLWxUM25VSlNDUDdwRExYV1lUbHlvM0g1LWgzRWl3M0EzTGpzWk14dnV1M1ZiQ2V3Y3M1RjhnRXduRVhiVW9SNkpEMU9pV1hwajZDOTcxNWdnTVVFWWhHZUp6RUdmdUNyT2xUZTQ1bFpNUdIBowFBVV95cUxQbk84R2xKSFZsZ2xYYWJlU19adTBVZVZvLVhISE1zbzhWa0NlTVA2WnBpZE5tb2g2cVBlUmJHVEtDZXU3Q1FEQk9vRTRxR1NIR25WelBYZGFWT1UzTzF3MzktbE1vbGRpYjFQTzcwcUFQaUdTTnhoR3pLT0lONmZFSlZ5eWlSVkN0UDFRS0M5Vmd4N3B1ellWeWJraGh1YnJ1Uzk4?oc=5,Pulse 2.0,"Fri, 17 Apr 2026 07:00:00 GMT",1,,,,,,dropped_at_relevance,,,0
"Worldly Acquires Bendi Software Ltd., Bringing AI-Powered Supply Chain Mapping and Risk Intelligence to the Consumer Goods Industry - Business Wire",https://news.google.com/rss/articles/CBMilgJBVV95cUxNMUM4ZHoybGphYTNoZkZ0Q1hBTERvOUNCb3NHOS1OaHh4MVU1TFdfZWlnZ0JXWVVvSHEzM05wY1lES2JlSktka1JndGJDTDdYOFJ3ZHhNbV95VmNQblRQQUpKbnFoeEVtbTZ6YjdpWVU1N2lYQmg3Y0k4NzE4eG81NkY4TUpWcng2cVN4WXJEYTRxN0VPSDNiaGF0R3pmb0k0TkJJTi1XWG1mY3RjZGRUeDRPeTN0enJ0S29WWHNidkNiWkZ1NGo3RVJKaU4waWlkcnlrdUxIbkNoX2szWGpvNjZmMEpCMy0wQllyVTNCVDdBZkNneGV1VWgyV3JWQl9CZWNNZDNGQWowU1JRRHY1US03cC1udw?oc=5,Business Wire,"Mon, 04 May 2026 07:00:00 GMT",1,False,True,acquisition,0.9,"The article discusses an acquisition of a software company, which does not fall under the FMCG category despite mentioning the consumer goods industry.",dropped_at_relevance,,,0
Consumer products M&A update: Rebound remains out of reach - RSM US LLP,https://news.google.com/rss/articles/CBMinwFBVV95cUxOYklfQ1dxQVFHQkJqeDBvUEhHWkRnbEt3VE1HRTN0Y0FxMTJkYkVrLURTbVByT1lTT3NxZHNYRHFTeWJoSlAtZDNMY2N4QlBtYlpBcXZWVGJPZFMtQ0dma1dGZ2g5TTZLNW1BdnUzQUx4VzduVXZwMk5WXzhyLXhSS05Vay1JM1lWNHhJSDhKb2xxYTEzM0pvZHM2Y0FRaHc?oc=5,RSM US LLP,"Wed, 10 Sep 2025 07:00:00 GMT",1,,,,,,dropped_at_relevance,,,0
Henkel completes acquisition of Not Your Mother’s hair care brand - Hartford Business Journal,https://news.google.com/rss/articles/CBMipAFBVV95cUxNUVVhSDA0bmIyVEZ6WVlqS2VBWUtVb2hENmtvN0tXNVdpRHBFb1FBaXJRS09NMVBIUVBSS1RCM1R0bGhGQUhDZzFLYXBvNUNKbFFqSHJfblJDNE9SQS1RLXFlRFRJRHVZbE5OVE1mVFVKek1DU2NPU21jZjhnZkQ3Wm1iUmJPWEh0cE5WS1pFSjlQQ0hndVU5UTNjc3AzZ05FaHhWaQ?oc=5,Hartford Business Journal,"Mon, 27 Apr 2026 07:00:00 GMT",1,,,,,,dropped_at_relevance,,,0
"OPINION: Kimberly-Clark, Kenvue merger could benefit consumers - NJBIZ",https://news.google.com/rss/articles/CBMihgFBVV95cUxOV1liTVAwOG9XRXJOdGZKRDhEZEQ2MzJIa3lHNHBQaDR2RTlCa3BhNXc2dkJCRndhVTVtUWVTNUVhazJ3aWpxWHp6YWozSkdUUF9sVkItMU9kMG9hMzVEZjlWX1hlazNNSlFhVEhxTGUxemg1eUxTTkozM0Q2NjNJYTZ0YVJVdw?oc=5,NJBIZ,"Mon, 16 Mar 2026 07:00:00 GMT",1,True,True,merger,1.0,"The article discusses a merger between Kimberly-Clark and Kenvue, both of which are FMCG companies.",verified,"The deal has been reported by multiple credible sources, including NJBIZ and Forbes, indicating it is a real and announced transaction.","OPINION: Kimberly-Clark, Kenvue merger could benefit consumers (https://njbiz.com/opinion-kimberly-clark-kenvue-merger-could-benefit-consumers) | Consumers Benefit When Mergers Create Stronger Competitors (https://www.forbes.com/sites/waynewinegarden/2025/11/12/consumers-benefit-when-mergers-create-stronger-competitors) | Shareholders approve $48.7B Kimberly-Clark, Kenvue deal (https://njbiz.com/shareholders-approve-kimberly-clark-kenvue-acquisition)",1
Mayfield candle company cuts workforce following acquisition - WPSD Local 6,https://news.google.com/rss/articles/CBMi2gFBVV95cUxQVzF4WG43eGZXTUMxWkpPSXJ1LXlKcUZLeHUyT1JjOFNQZ21HbzhGVjRPT09RUnVGMEdFV2oxNktpQ0tTRG5TdmhZRmxpclExc1p2UjNIUFNKTE9XUzJYZWVMbzczMlBlbUVYR0xybU5HSE9nRnRWRFhlaldHc2FWQ0VoYmNUeUNjN1J5QWstc0JvQWN3QXRhUkxhdGNBLS12bmhqeFY0TlMyMFhybGRRX2sydWlQT3dPVmtEYTNnV3pIVlJfWDRxdW9PVTFNMFZySktVU2VLLXlGZw?oc=5,WPSD Local 6,"Fri, 26 Jun 2026 07:00:00 GMT",1,,,,,,dropped_at_relevance,,,0
ITG Brands Expands U.S. Oral Portfolio Through Acquisition of Black Buffalo - PR Newswire,https://news.google.com/rss/articles/CBMiyAFBVV95cUxOZVdsQk5kV3Vkcm1YZm1nd1ppX2ZVU0ZXV00xcXJKckJyVmtscUczLVdoN2VJSlQ4ZjdKYzJhQmZZWnlLWjdFdW1Zd3pxLUZTSHlBWUNOSWlUdHNSTl9SN1VtZHJrck1Hc1V0c2xBYlNtV2llWW9UWTE3cG94M3pSUkpSYTlwYW1SZjhLdXc0czIyM0Y1SFhVQS1vNi1ldDFRX2RaYmdnVjVaVHlWUzMwTk1ucDh6S2ZwNmhtNG9Pb3dCMExQSGxkQg?oc=5,PR Newswire,"Wed, 27 May 2026 07:00:00 GMT",1,,,,,,dropped_at_relevance,,,0
Alantra advises SK Capital on the acquisition of Brothers International - Alantra,https://news.google.com/rss/articles/CBMizwFBVV95cUxOd1dmZkZQaC1wMDhydXJRclFZQVB2eFI5NnpGWFp3WkpxNzRLY3hQWk8tcy0xTHRIelUtclJ3RnNwOVdsMDkwSU1YX2dmeDd5SVMwYU1NVG5sTXpzdk5vbWctOFo5ZzI5TWNFUXR0NzFDT1BMY1lsN3pFTnA0di01VzBadVE1US0wQWI0Y0V2a2RCNXBOSGtNY25QWWRJV1NSTFMyS2lzUUIxeUZVNGwzVFlsUW8zbE5nSmFudE5iMndhNTdDMlFnejlXYjdnd2M?oc=5,Alantra,"Wed, 22 Apr 2026 14:19:33 GMT",1,,,,,,dropped_at_relevance,,,0
Unilever combines Unilever Foods with McCormick - Unilever Global,https://news.google.com/rss/articles/CBMizwFBVV95cUxQNXNXQk5OMlJ4cVJpTkM0U2RwTWxVTVZOWUN2bHpiOS1UZXF3NkZTZ1RFTkJTS2dNdnFDblFtR0M4dnZCaDcwcU4wUkpnZTA0dW56bGZWTDlSWGNNeDhtTlNSSTFlYzNfb2FKYWRZUkZBZ0Z2UDl3LTc5bE1xYUQzQ1VOUktVQW1OZWRDeF9HbVIybHFtM3hBdXZYaEJfaUlrdlNQT1pNQXplX25Pbk1fT2w5bjFoaDgwa2dMTDZMcnZaNlZkYV91MmRiSS1iR0U?oc=5,Unilever Global,"Tue, 31 Mar 2026 07:00:00 GMT",1,,,,,,dropped_at_relevance,,,0
Unilever’s $16 billion move shows a shift is happening in consumer products - CNBC,https://news.google.com/rss/articles/CBMinwFBVV95cUxPMWtWOEZVX2o0Mm56RFRkbi0zWEVYMzktdms4eFU1M2FuYkc2cDJidW15NTFVbTlMbXdIWS1ZaktOZGRtQ2pxMERKQ3lBdk42X2RKd2p1RTZNVmFyMG90NG8tRWFtc000R29QN09SbkFCSlRhZUNSeHNOYVVGM2RDZVZxcVdEalRLXzNPa25CTFhhZEYtdVZ5SnBTREozQWfSAaQBQVVfeXFMTWRUN2ozX0VWaEo5bW1KWnVGVjlaMXBVZ2xSWlZsWFA0VTNpUWVwMjlvM0pWREcxQmdnVDdpUkdRQ21xQnhpNWtWaUw0Qnp0clNTLUl6Q2pid3ZaelF3cHhVd090NzZORFZDRzdQdVBTcXA0YzIxazE5ZnhtODlCcVJFcFg5N0hVRU5iZE5mNjhZWm1KNk11OUthMGJsVk1NU2I5S2M?oc=5,CNBC,"Tue, 31 Mar 2026 07:00:00 GMT",1,True,True,acquisition,0.9,"The article discusses Unilever, a well-known FMCG company, making a significant $16 billion acquisition, indicating a deal in the FMCG sector.",verified,"The deal is reported by a reputable source, CNBC, and corroborated by additional articles discussing Unilever's strategic moves in the consumer products sector.",Unilever’s $16 billion move shows a shift is happening in consumer products (https://www.cnbc.com/2026/03/31/unilever-mccormick-deal-stock-consumer-products-staples-trend.html) | Unilever's USD 16 billion move shows a shift is happening ... (https://www.instagram.com/p/DW3dGitgEB0) | Unilever Sales Growth Picks Up Despite U.S. Slowdown (https://www.wsj.com/business/earnings/unilever-profit-rises-amid-strategic-shift-7da1ef26),1
Kimberly-Clark Creates Leadership Org for Pending Kenvue Acquisition - Consumer Goods Technology,https://news.google.com/rss/articles/CBMilAFBVV95cUxQUTdTNnQ3TXN1anl3MVlpSnBEYjU4NUE5YzlmRk9VREo2VnlORHJKWExoTzNMcG55eWJ6US1HNjI1ZTZlZ1JWcVIxa0JrOUNDY25xRDVqVjhUczZQcmVPRk03TWhzM1ZBa3dUMEs4Z3lSMFRQc2dYbndyOXB6c0Myam5IZlZnQ2RKUHJaTUczQTNIR1lI?oc=5,Consumer Goods Technology,"Fri, 17 Apr 2026 07:00:00 GMT",1,True,True,acquisition,1.0,"The article discusses Kimberly-Clark's pending acquisition of Kenvue, which is a transaction involving a fast-moving consumer goods company.",verified,"The deal is confirmed by multiple reputable sources, including Consumer Goods Technology and PR Newswire, detailing Kimberly-Clark's organizational changes related to the Kenvue acquisition.",Kimberly-Clark Creates Leadership Org for Pending Kenvue Acquisition | Consumer Goods Technology (https://consumergoods.com/kimberly-clark-creates-leadership-org-pending-kenvue-acquisition) | Kimberly-Clark Announces Post-Closing Organizational Structure and Identifies Key Leadership (https://www.prnewswire.com/news-releases/kimberly-clark-announces-post-closing-organizational-structure-and-identifies-key-leadership-302742498.html) | Kimberly-Clark: Post-Acquisition Leadership Structure Set For Kenvue Integration (https://pulse2.com/kimberly-clark-post-acquisition-leadership-structure-set-for-kenvue-integration),1
"Unilever, McCormick strike deal to create $65 billion food giant - Reuters",https://news.google.com/rss/articles/CBMisgFBVV95cUxPMTV4YXlPdHJ2c2VzQWlJZVlyY2FRbkNnc3VxZlo1R29qTDB6NEF2bHZvdlc1XzJkaUtDQlo5alEwUTZ5U2MwQlM3NURTdlctNk1PdDBLM0Y0OHlSbUZuTlRYWHpSdmRJa2FiVjlwdmhGSHM3MWNteG84Zk5OVV9ETEg0OFB1MzRlT1libnA3NlpVaE5ZMU1rMm9kWWxKc3NJX01WZElPTFRTaXBhSlZWbDhn?oc=5,Reuters,"Tue, 31 Mar 2026 07:00:00 GMT",1,True,True,merger,1.0,"The article discusses a merger between Unilever and McCormick, both of which are FMCG companies, creating a significant food giant.",verified,"The deal is reported by Reuters and corroborated by multiple sources, indicating it is a real and announced transaction.","Unilever, McCormick strike deal to create $65 billion food giant (https://www.youtube.com/watch?v=lD-p8_0VjGM) | Unilever, McCormick strike deal to create $65 billion food giant (https://x.com/Reuters/status/2039126890175164508) | Unilever, McCormick strike deal to create $65 billion food ... (https://www.reuters.com/legal/transactional/unilever-says-nears-deal-merge-foods-unit-with-mccormick-2026-03-31)",1
The $40 Billion Pivot: Kimberly-Clark and Kenvue Merger Redefines the Consumer Staples Landscape - FinancialContent,https://news.google.com/rss/articles/CBMi_gFBVV95cUxQUkJ5ajlNTnhTemRwOEljZjBuTlpoS3F0RTVyOUxJemxrWndHVmpZeDA3NWF2ZEJaN1c4R0gtVE9hdGEzMy1tQVRqWjJHd0FuYl9rdFN6RW1NT2hQdGlDWTVVRElXOWYxb3pwaHFPZlVUX3pST1pyVU5WSG1QNlB5RXBnbGV2aS16RmNObVhxbnFSUG8xcmxMQlB3dnJYOHVmVDhEbDlLM1Vmb0xQdXZRZWpUbUVMMm9ZX3NBN25tU2RKcDBLQVhyZ2xCYnZpa2ZydTJtX09zN3ZFVXBlRXNiTFlTenhERENvSkd1SlJiaUtrM2JOT005R2V0V2pZQQ?oc=5,FinancialContent,"Mon, 16 Mar 2026 07:00:00 GMT",1,True,True,merger,1.0,"The article discusses a merger between Kimberly-Clark and Kenvue, both of which are FMCG companies.",verified,"The deal has been reported by multiple credible sources, including FinancialContent and IBTimes UK, confirming the merger between Kimberly-Clark and Kenvue.",FinancialContent - The $40 Billion Pivot: Kimberly-Clark and Kenvue Merger Redefines the Consumer Staples Landscape (https://markets.financialcontent.com/stocks/article/marketminute-2026-3-16-the-40-billion-pivot-kimberly-clark-and-kenvue-merger-redefines-the-consumer-staples-landscape) | Kenvue Acquired by Kimberly-Clark in $48.7 Billion Deal to Form Consumer Staples Giant | IBTimes UK (https://www.ibtimes.co.uk/kenvue-acquired-kimberly-clark-487-billion-deal-form-consumer-staples-giant-1752110) | What Drove Kimberly-Clark's $40 Billion Deal for Tylenol ... (https://www.wsj.com/podcasts/whats-news/what-drove-kimberly-clarks-40-billion-deal-for-tylenol-maker-kenvue/2f87bb55-fd3d-469f-bc99-926dd7b216b3),1
Mergers and Acquisitions Activity in Nonwovens - Nonwovens Industry -,https://news.google.com/rss/articles/CBMilwFBVV95cUxOQWFHUWl5djQxc190TndwUVVvU3JPS3U4aGpFMkdCdDByUlpwSktEc3M5aDRGQlVOY0s5eldwV01Zcml5M0hRdkcyM0FyWUxoMi0yMFJfQ0cyY1d6QzNXUDljTDlBa0xpVko4eUlnYmU5SnVjeVFPaEFsUHpaQ0Z0NGJ3cnFuaXVMLXlmWXhmWGFqUEJUXzdR?oc=5,Nonwovens Industry -,"Fri, 29 May 2026 07:00:00 GMT",1,,,,,,dropped_at_relevance,,,0
Exclusive | Ares Leads $1.6 Billion Debt Financing for Personal-Care Product Merger - WSJ,https://news.google.com/rss/articles/CBMirAFBVV95cUxQOE5CcV9Mc0pkejI5UmVwZkpmdm5ORHJHZ19ZM3I4TEdXZ3FHSFVGUnJNQXBmZG1Ja1hfN3hlVjVPZ1NrdXVUd3A2ZkJnaExjV1BGQmZUU1JnejNsNm9qNGRheVFWUHBPNkkxOUhxR2VJcjRzYTdTU0JYTXJvM3Vkc1JXWEhjZW1FR1J4S2Z5NGVJUk1fS25FaHFSaDdsaUpROFFGSXNSSU5RYTA2?oc=5,WSJ,"Thu, 29 Jan 2026 08:00:00 GMT",1,,,,,,dropped_at_relevance,,,0
"Tech Analysts Tout Netflix/WBD Merger as Good for Consumers, Competition - Media Play News",https://news.google.com/rss/articles/CBMipAFBVV95cUxNUnVhQk9tNXdFODlaQmk0X1R1bWlCQ2hhZWdvVjlMcFpxcHNna2NLVW5HNy03aHJ6QVJ0bnRQTjk2U1dMVVZJNERjVVItNmd1UWI5XzZGQXdIV3lqUE5wMUhfaUZlMUROWWEtd3l1WHJvZ3dBaWVwUkpLXzZsUzRZV2tHc3JJakJyTFRDb0ZmWjY0Q3NqbE9DZGNaVS01OU1ZVnU0aQ?oc=5,Media Play News,"Thu, 12 Feb 2026 08:00:00 GMT",1,,,,,,dropped_at_relevance,,,0
Big Food gets leaner with divestitures and breakups as consumers turn away from packaged snacks - CNBC,https://news.google.com/rss/articles/CBMinwFBVV95cUxQTFJjeExzcWlRUGtEenZFZGk4UHYtS0lXMTF4aWNnYy1aOWVKTzE3U05MZVZpWkpIZmFGaWUzQmdueVlRcmwzR0gwOTNnWV90NTlmSW45U3hfa2hfaDdBNkloTUNLRWo5SnRCaUFGLXNYWGczbmpFTkJzdk15OF9iSFlCN21aOGhuYThuSldsenpfYk9fWkRHZnlvbFlaekHSAaQBQVVfeXFMTmR4cDE4SEZDZXJUd3RRc0F6b195REtSUUlMN1BUOEEyWXRUUFd4WXptOUh3cmlPRTZNQkh0dEQycGJtWVpPQ1hBQXh5c0V5RTJUSVp0TnRwSlRlV3dyQm52S0sxeUpFcEh1UjZDck9fOHlWNEItMW5razZxLW1acWVqYWZoaDItOUhWM0tERGFIU1prUEpmWXUzalpNaXhQQWFuX24?oc=5,CNBC,"Sat, 31 Jan 2026 08:00:00 GMT",1,True,True,divestiture,0.9,"The article discusses divestitures in the packaged snacks sector, which falls under FMCG, indicating a deal involving ownership changes.",verified,"The deal is reported by multiple credible sources, including CNBC, and discusses real divestitures and breakups in the FMCG sector.","CNBC: Big Food gets leaner with divestitures and breakups as consumers turn away from packaged snacks | AlixPartners (https://www.alixpartners.com/newsroom/cnbc-big-food-gets-leaner-with-divestitures-and-breakups-as-consumers-turn-away-from-packaged-snacks) | Big Food gets leaner with divestitures and breakups as consumers turn away from packaged snacks (https://ground.news/article/big-food-gets-leaner-with-divestitures-and-breakups-as-consumers-turn-away-from-packaged-snacks) | Kraft Heinz, Kellogg breakups show Big Food is getting smaller (https://www.cnbc.com/2026/01/31/kraft-heinz-kellogg-breakups-show-big-food-is-getting-smaller.html) | CNBC: Big Food gets leaner with divestitures and breakups as consumers turn away from packaged snacks | AlixPartners (https://www.alixpartners.com/newsroom/cnbc-big-food-gets-leaner-with-divestitures-and-breakups-as-consumers-turn-away-from-packaged-snacks) | Big Food gets leaner with divestitures and breakups as consumers turn away from packaged snacks (https://ground.news/article/big-food-gets-leaner-with-divestitures-and-breakups-as-consumers-turn-away-from-packaged-snacks) | Kraft Heinz, Kellogg breakups show Big Food is getting smaller (https://www.cnbc.com/2026/01/31/kraft-heinz-kellogg-breakups-show-big-food-is-getting-smaller.html)",2
Jim Cramer Thinks A McCormick Acquisition Of Unilever’s Food Division Could Spark A Packaged Food Stock Rally - Yahoo Finance,https://news.google.com/rss/articles/CBMipwFBVV95cUxNMmJYeW5fT0Y2MjdfNDM3NUZydEZwUnROWHdJbklQRUNUakhkTFNrSnlvMzRMUUZqM0Q0RlRGRlJFTFBLRFA1czJsS3dQZkpEUU84ZF9kX29FVmEzMlpFOTV6YVhNdnZyel92TVNfdWx5WXY1cHJtQW1FWGpxbmJ4b3JvYjU5ME5XR0lFMFRpNDBIR1REQ1Z6Q3BJWGZfQmM4Z3ZyaFdPbw?oc=5,Yahoo Finance,"Mon, 23 Mar 2026 07:00:00 GMT",1,True,True,acquisition,0.9,"The article discusses a potential acquisition of Unilever's food division by McCormick, which involves FMCG companies and a deal transaction.",exhausted,Low confidence after 2 searches: The information is based on Jim Cramer's opinion rather than an official announcement or confirmed deal.,"Jim Cramer Thinks A McCormick Acquisition Of Unilever’s Food Division Could Spark A Packaged Food Stock Rally (https://finance.yahoo.com/markets/stocks/articles/jim-cramer-thinks-mccormick-acquisition-181053236.html) | Jim Cramer Says “I Think That We’ll Like a New McCormick, If They Do Merge” (https://finance.yahoo.com/markets/stocks/articles/jim-cramer-says-think-ll-160436851.html) | Jim Cramer on McCormick & Company: “Stock Just Doesn’t Entice” (https://finance.yahoo.com/markets/stocks/articles/jim-cramer-mccormick-company-stock-091106681.html) | Jim Cramer Thinks A McCormick Acquisition Of Unilever’s Food Division Could Spark A Packaged Food Stock Rally (https://finance.yahoo.com/markets/stocks/articles/jim-cramer-thinks-mccormick-acquisition-181053236.html) | Jim Cramer Says “I Think That We’ll Like a New McCormick, If They Do Merge” (https://finance.yahoo.com/markets/stocks/articles/jim-cramer-says-think-ll-160436851.html) | Jim Cramer on McCormick & Company: “Stock Just Doesn’t Entice” (https://finance.yahoo.com/markets/stocks/articles/jim-cramer-mccormick-company-stock-091106681.html)",2
Packaging Synergy with the McCormick & Unilever Foods Merger - Packaging Digest,https://news.google.com/rss/articles/CBMitgFBVV95cUxQMlY3emE3cnA1NDNFZkFJbl9PN0t2Zzk1YkNXOS1mU3ptQndhc2xBc3F5bVFJUEhPTVUtOWkwcXVaeUpjYWhtRHk5V05sUWE5OTZLMjU2YWNHM3VuaUlWZGZSUTdEWWh4NWZtdTJ1Z2pxZjBFUzBaLS11a2xzcDRsUXREa0FCRlFPaHZmcjVLc2lQR3FzZEFJc3duUmxsaVVva3dkMnJWSzBCYkZHUjR0VHUtV0VuQQ?oc=5,Packaging Digest,"Thu, 02 Apr 2026 07:00:00 GMT",1,True,True,merger,1.0,"The article discusses a merger between McCormick and Unilever, both of which are FMCG companies.",verified,The deal is well-sourced with multiple corroborating articles and an SEC filing confirming the merger and its synergies.,Packaging Synergy with the McCormick & Unilever Foods Merger (https://www.packagingdigest.com/food-packaging/packaging-synergy-is-strong-with-the-mccormick-unilever-foods-merger) | Packaging Synergy is Strong with the McCormick & ... (https://www.midlandco.com/packaging-synergy-is-strong-with-the-mccormick-unilever-foods-merger) | McCormick Outlines $600M Synergies in Unilever Foods Deal | UL SEC Filing - Form 425 (https://www.stocktitan.net/sec-filings/UL/425-unilever-plc-business-combination-communication-68f5a5faff2c.html),1
Sealed Air reduced debt in 2025 ahead of acquisition - Packaging Dive,https://news.google.com/rss/articles/CBMilAFBVV95cUxPT1drektkcjhOWERWNlJocWJqRW5pbElDcDVuUk5zSnRXd0paWVVEaTBfQzVRd2JwQUdaelhwSmU2Z0puWmpWT3Q5VllfTk5YLTZfRXpLSk1xd1BRNFZxNUVEY0JxVjJwRTZSeEgydmdPX19McUJZODZXWUtaSnVlUkZkbWhYT0Fta3BjamxhTVV1X0hI?oc=5,Packaging Dive,"Mon, 02 Mar 2026 08:00:00 GMT",1,,,,,,dropped_at_relevance,,,0
Sigma Foods acquisition establishes first Southeast plant - MEAT+POULTRY,https://news.google.com/rss/articles/CBMiogFBVV95cUxQTHlqX0hyM1pXVFVkZDQybnIyenVzZkhVMmo4V2RUdWdVUnFDdmlKS2VCcUs5Ry1zWWtldk9zaXFsbzRhV0VRTklNOGQ5YmQ4ZkJiUkJWN1FZX1JQdVdMdGg5dGxVQ1ZBTU9NcHBOTFNFdW9GcThQMVNVLU4zMDZFQ1lRSXhZRVlVakN0Q0pxSWZiNFhKUUF0Q2lwQzR3V1ZjOUE?oc=5,MEAT+POULTRY,"Mon, 05 Jan 2026 08:00:00 GMT",1,,,,,,dropped_at_relevance,,,0
Smithfield Foods to acquire the Nathan’s Famous brand - Food Business News,https://news.google.com/rss/articles/CBMiogFBVV95cUxNdFJrZWZqZHVtUDhlYUprUzF2SlNKRlJ5dEJqRUVKV3BjNEI5MEdkeWFubjFCSXNUTmc1NzhSMjdBVGdPclVrdUhLdlZQMGQ1ZlJVMTVXZHhXSmE5S1RsQ05idUo5cWJSUzhJZnpXMXJHbmpZUG9MZGlvZWRPMEh5NXN2YmNCbUVFb1lVaWNldE9Vcm9fb1loNXlxdDM3VkhYZkE?oc=5,Food Business News,"Wed, 21 Jan 2026 08:00:00 GMT",1,,,,,,dropped_at_relevance,,,0
Analysts foresee challenging 2025 for packaged food sector - Baking Business,https://news.google.com/rss/articles/CBMipwFBVV95cUxNOC1SS0JGNkk4aGE5UDlCOW02UkplSWtMZ3BQSDNOM2d0Um9LTVBWTUd2NE1fYkdncFg4MS0tZHFkUFdlTGJpX0xITkl2VV9sYk1DdGtjN0ZrMThneThfR1FrWWxxWTNRdW5rZFUxVVhXb1p4VVljbTVYeGg0N25rY2pZTkdsbFlmSDV3NkRxeEc2aHZLQ3JFalBmbDRtbzUtMEV6MkRkQQ?oc=5,Baking Business,"Thu, 02 Oct 2025 07:00:00 GMT",1,,,,,,dropped_at_relevance,,,0
Agreement to combine McCormick with global food business - WBAL-TV,https://news.google.com/rss/articles/CBMilAFBVV95cUxOdHBKemlnY250eHZ0T2hsR2kzWnQwY1p5aHlmVTdNaFBQT3ZhRXh1dWE5aWs3RGoxVDVKVXhuZnpsSHh0cFpweUwxZzd6QzBUMFRDQVFuVHgwXzJ4aldoZnlfQmI2cVM2Y2Y3QU5wbm5EYlJLcUlyVkI2QkJYVUVQdnhVNV9rTWNkX0Y3MDU2bkktQjRN?oc=5,WBAL-TV,"Tue, 31 Mar 2026 07:00:00 GMT",1,,,,,,dropped_at_relevance,,,0
How Unilever’s Food Business Shaped Its Centurylong Evolution - Global Banking & Finance Review,https://news.google.com/rss/articles/CBMiggFBVV95cUxOcHRCV3lJVGdXN2x4V1FQTzk5UWFEVmgxX3BZeWdMRGhjWGJlb3NEOU9ZRWZTQ2NBQWdKYUZPX0pLcUlVNDZEUHJTbC05S3JibVVnR1dVYUliVWJ3QUpuQnhFMF9YUHpKcWF2UDlUNGlKZW1DWEtOeEZaZElwMEkzaDh3?oc=5,Global Banking & Finance Review,"Tue, 31 Mar 2026 07:00:00 GMT",1,,,,,,dropped_at_relevance,,,0
Unilever and Kraft Heinz explore potential merger worth ‘tens of billions’ - Packaging Europe,https://news.google.com/rss/articles/CBMiuwFBVV95cUxQTDN2cGw3TUM3RUlfbE5VbDlyaHY1M0tKOFFLMXlEa0hwU3VtS3NnQmFpdGVXdWVmV1ZsQmtFOUpPRlNpdE9aTU9lR0FGdV9PQnAtOFZkSWtpWTJGaDVKWTVhcURoZ3RfYmdJblh0Y1V4WkVzTVV5SHZ3NU81SV9RR2dNLWc2ZGNWWkR4TUxWY2tJN01sYmo0bHI1RUtGMnlqanBWc3lNZ0phUy1KbG9pWGVqRUhyMXBibXlj?oc=5,Packaging Europe,"Fri, 20 Mar 2026 07:00:00 GMT",1,True,True,merger,1.0,"The article discusses a potential merger between Unilever and Kraft Heinz, both of which are FMCG companies.",verified,"Multiple reputable sources, including Packaging Europe and the Financial Times, report on the ongoing discussions between Unilever and Kraft Heinz regarding a potential merger, indicating that this is a real and well-sourced deal.","Unilever and Kraft Heinz explore potential merger worth ‘tens of billions’ | Article | Packaging Europe (https://packagingeurope.com/news/unilever-and-kraft-heinz-explore-potential-merger-worth-tens-of-billions/14054.article) | Unilever and Kraft Heinz held talks over food merger ... (https://www.ft.com/content/e7e66622-50c9-493f-9076-6914f247247f?syn-25a6b1a6=1) | Unilever, Kraft Heinz held talks to merge food business and condiments division, FT reports - FashionNetwork USA (https://us.fashionnetwork.com/news/Unilever-kraft-heinz-held-talks-to-merge-food-business-and-condiments-division-ft-reports,1817081.html)",1
"Creations Foods, REAL Cookies Complete Merger - Prepared Foods",https://news.google.com/rss/articles/CBMilAFBVV95cUxOdl85Z01NclRmRWdGRkxRbVl1LW51X3VwcnR5ekVfQl81eDZGSW9ERk5kSUtZR3Fwck9jcVZGcU9pZV8zMGVfa2lHU2FkVTRhY3VLanVaZDdjcTVkUkd3QlBEa0RSNG9RcF91QU04aVNVOUhfc0tyRldldDBLRk9lU2lTUWhRVms4OXFSaFNScFU5c3cz?oc=5,Prepared Foods,"Thu, 29 Jan 2026 08:00:00 GMT",1,,,,,,dropped_at_relevance,,,0
